{"cameraMode":{"drawMode":0,"name":"Shaded","section":"Shading Mode"},"sceneLighting":false,"audioPlay":false,"sceneViewState":{"showFog":true,"showMaterialUpdate":false,"showSkybox":false,"showFlares":true,"showImageEffects":true,"showParticleSystems":true,"showVisualEffectGraphs":true,"m_FxEnabled":true},"in2DMode":false,"pivot":{"x":-0.009999498724937439,"y":0.3292979896068573,"z":-0.016283631324768068},"rotation":{"x":0.13070997595787049,"y":-0.6841614246368408,"z":0.12661728262901307,"w":0.7062686681747437},"size":1.0389916896820069,"orthographic":false}