{"cameraMode":{"drawMode":0,"name":"Shaded","section":"Shading Mode"},"sceneLighting":false,"audioPlay":false,"sceneViewState":{"showFog":true,"showMaterialUpdate":false,"showSkybox":false,"showFlares":true,"showImageEffects":true,"showParticleSystems":true,"showVisualEffectGraphs":true,"m_FxEnabled":true},"in2DMode":false,"pivot":{"x":7.748603820800781e-7,"y":0.34999996423721316,"z":0.0000030547380447387697},"rotation":{"x":0.13070997595787049,"y":-0.6841614246368408,"z":0.12661728262901307,"w":0.7062686681747437},"size":1.9981603622436524,"orthographic":false}